,0,1,2,3,4,5,6,7,8,9,10,11,12,13,14,15,16,17,18,19,20,21,22,23,24,25,26,27,28,29,30,31,32,33,34,35,36,37,38
product_category_name,papelaria,tablets_impressao_imagem,alimentos_bebidas,construcao_ferramentas_jardim,construcao_ferramentas_construcao,utilidades_domesticas,agro_industria_e_comercio,automotivo,cama_mesa_banho,moveis_colchao_e_estofado,perfumaria,esporte_lazer,la_cuisine,livros_interesse_geral,moveis_quarto,cine_foto,portateis_casa_forno_e_cafe,cds_dvds_musicais,fraldas_higiene,artes_e_artesanato,livros_importados,dvds_blu_ray,flores,bebidas,livros_tecnicos,pcs,fashion_roupa_infanto_juvenil,artigos_de_natal,casa_construcao,eletrodomesticos_2,moveis_sala,instrumentos_musicais,fashion_roupa_feminina,fashion_esporte,alimentos,artes,sinalizacao_e_seguranca,industria_comercio_e_negocios,fashion_underwear_e_moda_praia
2016-02-21,0,18,78,68,0,0,0,67,97,0,45,67,0,72,33,66,31,29,78,97,35,89,50,100,0,51,0,90,70,0,14,44,35,0,77,38,58,95,35
2016-02-28,15,26,65,50,0,0,0,59,0,0,38,47,47,78,0,49,61,47,48,97,17,90,48,33,0,50,0,86,31,44,27,65,35,34,77,19,48,42,53
2016-03-06,47,27,77,68,19,0,21,63,0,0,35,48,0,90,33,71,41,43,20,99,44,91,47,33,0,51,0,87,24,0,41,57,89,34,85,29,87,38,59
2016-03-13,46,27,67,34,37,0,21,97,0,0,36,45,0,72,0,78,80,33,39,94,69,90,51,0,0,25,0,92,23,44,27,47,70,0,81,28,10,51,43
2016-03-20,32,23,73,70,20,0,0,76,50,0,27,58,49,71,0,58,21,40,30,75,45,82,52,0,0,52,0,92,32,0,28,46,37,0,83,30,20,20,39
2016-03-27,31,23,78,50,0,0,21,59,0,0,30,37,0,72,0,61,60,80,29,93,35,97,52,33,0,0,37,89,39,0,27,52,18,33,83,19,66,51,45
2016-04-03,0,23,71,17,0,50,64,58,0,0,32,68,47,77,0,53,51,57,86,91,34,97,54,33,0,25,0,91,62,22,53,51,17,34,81,75,19,70,30
2016-04-10,30,30,74,33,18,0,0,79,0,46,33,67,0,79,0,56,89,46,47,91,60,100,60,64,0,49,0,91,76,0,26,51,17,65,83,28,65,36,57
2016-04-17,46,25,51,34,38,0,42,71,48,0,29,56,0,77,0,49,81,66,19,81,43,87,51,0,0,75,37,97,31,65,40,50,0,0,82,57,38,42,45
2016-04-24,15,30,74,67,37,0,21,63,0,0,34,69,0,84,33,45,91,61,19,86,43,93,56,33,26,25,0,93,62,0,0,49,17,33,77,38,29,51,63
2016-05-01,63,27,85,69,19,0,22,64,0,0,33,78,0,94,0,52,31,38,69,82,27,93,57,0,27,51,0,95,24,23,27,61,54,0,78,29,49,43,59
2016-05-08,15,23,74,0,73,0,40,64,0,0,30,39,0,85,0,66,59,46,9,84,25,91,49,0,100,49,0,94,38,0,26,48,68,0,75,9,64,55,52
2016-05-15,58,21,76,16,18,0,40,64,0,0,31,50,0,77,0,54,96,58,55,90,57,92,58,31,25,47,0,92,15,21,13,47,33,0,84,27,63,53,43
2016-05-22,16,25,75,35,0,0,0,100,0,0,30,44,0,75,0,44,52,53,90,79,36,87,53,34,0,0,0,100,24,23,0,47,36,0,82,29,40,34,52
2016-05-29,15,27,79,100,19,0,21,73,0,0,32,87,93,80,0,73,100,46,57,88,9,94,51,0,0,25,0,94,85,22,13,51,35,0,80,9,47,46,37
2016-06-05,0,24,77,33,18,0,21,75,47,46,35,62,0,81,32,50,60,61,57,80,26,91,57,33,26,25,0,90,8,22,13,40,34,33,81,37,29,28,64
2016-06-12,47,25,84,34,19,0,0,65,0,0,32,67,0,73,33,52,10,43,29,76,18,82,57,0,0,76,0,93,63,0,0,51,18,68,80,29,77,24,66
2016-06-19,48,28,71,52,19,53,0,63,100,0,32,44,0,75,0,78,52,34,100,74,63,88,58,0,0,0,0,91,24,23,0,42,0,0,73,59,69,39,34
2016-06-26,16,25,59,35,19,0,44,63,50,0,30,85,0,72,0,72,31,43,30,67,36,84,54,34,27,0,0,93,24,23,41,49,36,0,83,39,69,62,47
2016-07-03,33,28,75,36,0,0,67,67,51,0,29,59,0,76,0,100,32,34,62,69,46,84,61,34,0,27,39,92,33,23,14,44,56,0,85,10,30,44,40
2016-07-10,16,24,71,34,0,52,0,59,0,48,28,57,0,73,0,50,85,34,49,66,27,82,52,0,27,26,0,89,47,46,27,51,71,0,87,38,30,24,28
2016-07-17,33,21,79,36,0,54,45,63,51,0,30,45,0,70,0,48,65,25,20,66,55,75,52,0,0,27,0,91,49,0,14,53,37,0,83,100,51,35,43
2016-07-24,32,20,93,35,58,0,0,63,0,0,30,74,0,73,34,61,64,25,30,68,45,83,53,0,0,0,38,89,40,46,0,50,18,0,81,29,10,15,42
2016-07-31,0,16,78,70,0,0,22,61,0,0,29,28,0,71,34,60,42,39,20,71,45,83,52,0,27,0,0,87,40,0,14,51,37,0,74,59,20,39,45
2016-08-07,100,19,64,18,0,0,23,61,52,0,34,66,0,71,0,51,55,46,42,75,19,85,49,0,0,0,0,86,84,71,29,44,19,0,72,10,10,36,27
2016-08-14,17,17,69,37,0,0,23,63,0,0,29,49,0,70,0,60,33,46,32,73,38,88,55,0,28,0,40,85,59,0,15,51,38,0,71,41,10,25,36
2016-08-21,16,18,72,0,100,0,68,60,0,0,31,62,0,74,69,70,65,15,31,75,55,89,55,35,0,27,0,93,41,47,14,43,37,0,73,20,31,45,37
2016-08-28,0,16,65,85,19,0,0,64,0,0,27,81,0,85,0,41,31,38,29,79,26,91,52,0,27,0,0,89,24,45,0,47,89,0,74,48,29,33,46
2016-09-04,0,23,67,36,20,0,45,63,0,51,31,54,51,86,0,33,44,31,31,79,66,87,57,0,28,27,0,90,25,0,14,49,57,0,84,41,41,5,41
2016-09-11,62,17,79,68,19,0,0,60,0,0,30,77,0,80,0,35,30,43,39,91,26,93,47,0,0,25,0,85,23,45,54,47,35,0,86,38,29,23,38
2016-09-18,32,19,74,0,19,53,43,64,0,0,35,85,0,95,0,36,21,48,60,87,27,95,64,0,0,0,0,88,40,0,28,46,18,34,76,20,49,39,49
2016-09-25,32,27,80,52,19,0,43,69,0,0,33,68,0,84,34,55,53,49,30,80,18,94,59,0,27,26,0,85,16,0,14,44,0,0,72,39,49,34,49
2016-10-02,15,17,72,17,0,0,64,59,0,0,29,63,0,78,0,42,70,14,19,92,34,80,51,0,0,50,36,80,69,0,13,54,17,0,69,19,19,37,32
2016-10-09,16,17,82,35,0,54,23,66,0,0,34,61,0,77,34,39,99,31,82,73,37,79,56,0,0,0,0,86,33,23,57,48,18,0,73,30,10,25,34
2016-10-16,16,20,81,0,19,0,0,64,0,48,33,43,0,74,100,29,31,29,59,78,53,96,55,34,54,51,0,85,63,45,14,52,54,0,88,48,29,48,44
2016-10-23,47,22,100,34,19,0,0,65,0,0,36,54,0,80,0,98,52,73,20,85,53,93,61,34,0,26,0,83,40,0,27,43,54,34,100,10,59,38,23
2016-10-30,80,20,88,18,0,0,23,55,0,0,30,63,0,78,0,53,43,25,10,80,54,83,58,0,0,0,0,81,32,24,28,47,18,0,83,39,72,44,42
2016-11-06,16,24,96,34,19,0,22,60,50,0,32,70,0,75,0,50,52,38,79,80,27,91,59,34,27,51,0,78,87,23,14,56,54,0,85,29,30,48,31
2016-11-13,49,100,99,36,20,0,45,64,0,0,31,62,0,80,35,52,43,40,10,79,46,83,59,35,0,0,0,86,50,23,0,53,37,0,83,30,30,65,67
2016-11-20,46,38,90,33,37,0,42,60,0,46,34,76,0,73,0,61,49,60,29,75,26,87,71,0,0,25,0,82,69,22,53,69,17,0,90,84,38,32,67
2016-11-27,30,26,78,16,36,0,21,82,0,0,34,56,0,73,0,38,69,23,38,73,25,78,63,32,0,24,0,84,60,64,52,55,34,0,77,27,56,41,37
2016-12-04,30,22,86,49,0,0,21,66,47,0,42,60,0,74,0,40,30,19,19,67,0,73,58,0,0,49,0,86,46,0,26,68,17,0,87,65,19,19,30
2016-12-11,63,25,74,17,0,0,0,60,0,0,41,100,0,74,100,54,62,24,79,60,62,70,64,34,0,51,0,86,40,22,68,63,36,0,81,19,19,29,46
2016-12-18,18,22,90,0,0,0,24,64,0,0,41,78,53,65,0,37,35,22,11,55,20,55,75,0,0,0,0,89,18,50,15,63,20,0,80,64,44,21,49
2016-12-25,38,18,76,20,0,0,0,64,59,0,33,100,0,64,40,45,25,29,23,47,53,53,83,0,0,31,45,98,75,0,16,60,0,41,94,11,47,17,37
2017-01-01,76,27,74,21,92,0,0,59,0,0,55,75,0,62,0,35,62,0,47,58,32,68,54,0,32,31,45,83,67,0,66,46,0,0,75,23,23,40,49
2017-01-08,48,27,77,35,39,0,66,60,0,0,73,60,0,66,0,46,21,29,50,63,27,71,56,0,0,0,0,84,40,0,69,50,72,0,78,20,30,58,39
2017-01-15,90,23,78,0,0,0,0,60,0,0,71,56,46,74,0,42,20,37,38,66,25,75,57,33,0,49,0,81,30,0,0,63,0,0,80,46,38,65,49
2017-01-22,60,20,72,16,0,0,21,61,0,46,74,54,46,69,0,42,50,28,57,77,34,83,55,0,26,0,36,81,23,0,26,65,17,33,81,28,19,23,52
2017-01-29,44,20,74,0,18,0,40,56,0,0,72,65,0,68,31,54,29,18,36,75,33,78,53,31,0,47,0,78,29,0,51,59,17,0,74,45,55,49,57
2017-02-05,61,23,75,17,0,100,21,60,0,0,57,81,0,72,32,52,50,37,48,84,60,83,51,0,0,99,0,80,38,22,13,52,0,0,79,28,28,41,30
2017-02-12,15,22,78,32,0,0,0,61,0,44,47,60,0,73,31,27,77,22,55,87,74,86,59,0,50,0,0,80,59,21,13,48,33,0,83,27,54,49,43
2017-02-19,0,23,75,66,0,0,0,63,0,0,38,49,0,73,32,48,90,28,19,87,34,84,58,0,26,49,0,84,23,22,39,48,51,33,84,18,38,42,32
2017-02-26,31,22,77,17,0,0,0,64,0,0,34,83,0,72,0,48,41,19,20,79,62,74,52,0,0,51,0,84,47,23,27,39,53,0,79,10,20,19,23
2017-03-05,57,25,75,46,17,0,20,58,0,0,40,44,0,100,0,60,84,30,18,96,24,89,52,0,0,0,67,79,43,61,49,43,0,0,78,17,27,65,49
2017-03-12,28,18,91,31,17,0,0,59,0,0,38,32,0,78,0,47,37,56,9,91,56,96,55,30,24,69,0,76,43,40,25,47,16,30,71,17,79,34,46
2017-03-19,58,20,73,79,18,0,100,61,0,0,38,57,44,74,0,63,19,22,18,92,49,95,57,31,25,94,0,79,36,21,13,66,82,95,69,62,45,40,64
2017-03-26,0,21,87,16,18,47,60,60,0,44,37,44,0,74,61,50,28,57,36,97,32,93,57,0,25,47,0,78,51,0,13,47,65,0,80,35,45,61,52
2017-04-02,29,22,79,78,35,0,39,60,0,0,38,59,0,68,30,48,38,26,45,88,57,95,51,0,24,0,0,81,14,40,12,51,16,62,69,9,70,78,44
2017-04-09,31,19,86,50,0,0,0,62,0,0,31,100,0,73,0,41,30,28,10,73,78,78,49,0,0,0,0,82,39,0,0,46,87,0,77,28,29,37,58
2017-04-16,30,23,76,33,37,0,21,59,0,46,30,62,0,76,32,48,40,32,47,81,43,89,53,0,0,49,36,81,53,43,0,53,34,33,72,37,38,51,44
2017-04-23,29,23,83,31,35,0,0,60,0,0,35,69,44,79,0,36,47,53,18,83,49,88,53,0,0,23,0,79,51,21,0,46,33,0,79,44,54,44,40
2017-04-30,46,23,76,0,0,0,63,61,0,0,35,50,0,88,0,41,40,37,29,89,43,85,57,0,26,25,0,86,38,22,13,54,35,0,76,19,28,42,50
2017-05-07,30,22,90,32,18,0,20,58,46,0,39,86,0,98,31,41,69,37,19,83,42,90,62,96,0,48,35,87,30,21,0,57,67,65,72,36,45,100,51
2017-05-14,31,26,89,50,0,0,0,87,0,0,35,53,0,83,33,47,41,33,19,83,78,88,56,0,0,25,0,84,39,0,13,48,18,34,70,19,29,66,53
2017-05-21,31,18,79,0,0,0,0,69,0,0,40,43,0,81,33,62,10,48,49,85,70,94,53,0,0,0,37,83,39,0,14,61,0,0,75,10,29,24,64
2017-05-28,62,20,73,34,37,0,0,60,0,0,36,66,0,73,0,29,71,47,19,83,87,92,54,0,0,0,0,81,31,22,13,49,35,100,77,28,19,33,75
2017-06-04,30,19,90,33,18,0,62,54,0,0,39,57,0,74,0,46,49,37,19,82,68,89,56,0,0,49,36,81,84,0,13,52,34,33,73,28,47,50,49
2017-06-11,16,15,76,71,0,0,44,56,0,0,30,53,0,88,0,54,42,54,30,75,64,78,63,0,0,0,0,85,49,0,0,52,55,35,76,20,80,29,53
2017-06-18,30,21,77,16,37,0,0,55,47,0,36,39,0,73,0,58,30,46,47,76,68,86,60,0,0,24,0,79,23,0,39,48,17,0,73,64,28,46,44
2017-06-25,47,18,82,51,0,0,0,57,0,0,35,64,0,69,33,41,41,57,49,75,35,81,57,0,0,25,0,77,47,0,27,47,18,0,78,9,39,47,46
2017-07-02,16,20,78,36,20,54,22,59,0,0,35,81,0,70,0,43,32,15,10,66,55,79,59,0,0,0,0,73,33,46,28,67,37,0,76,60,20,45,51
2017-07-09,32,15,79,35,39,0,0,58,50,0,36,77,0,69,0,34,73,39,20,69,45,81,59,0,0,0,38,77,16,0,0,53,55,0,80,0,0,24,63
2017-07-16,95,20,75,17,0,0,43,64,49,0,35,73,0,70,0,54,62,10,20,66,27,75,49,34,0,26,37,76,48,45,27,53,18,0,71,77,20,29,54
2017-07-23,62,15,85,34,0,0,0,58,0,0,36,45,0,74,33,80,51,33,77,64,52,75,53,0,0,0,0,78,39,0,0,51,35,0,81,38,39,57,55
2017-07-30,15,22,81,80,18,0,20,64,0,0,39,65,45,69,0,60,88,23,28,76,58,83,53,0,25,48,35,75,44,42,13,47,50,32,80,36,28,27,38
2017-08-06,15,21,75,64,18,0,20,69,0,0,38,53,0,73,0,55,68,54,28,71,25,89,57,0,0,0,35,77,30,21,38,65,0,32,84,27,64,67,38
2017-08-13,74,19,78,65,18,0,20,65,47,0,42,69,0,74,0,31,29,36,19,75,59,95,59,31,25,72,0,77,37,21,26,48,0,0,79,45,92,31,46
2017-08-20,15,15,77,16,54,0,20,62,0,0,38,76,0,74,62,55,68,45,9,79,58,96,62,0,50,24,0,75,52,0,51,57,0,32,72,9,55,54,48
2017-08-27,59,23,77,64,36,0,61,55,0,0,39,58,0,78,31,64,39,54,46,78,25,100,56,32,0,48,35,74,44,63,38,52,100,64,74,27,28,45,31
2017-09-03,48,25,73,0,39,0,44,74,0,0,33,68,0,78,0,44,21,39,50,76,54,86,56,0,0,52,0,79,32,0,0,45,0,0,78,20,60,43,47
2017-09-10,30,26,76,16,0,49,0,61,0,0,38,91,0,84,0,39,39,63,18,82,58,94,65,0,0,0,0,73,37,0,64,58,17,0,67,36,27,40,48
2017-09-17,15,23,80,65,0,0,0,56,0,0,36,92,0,94,0,71,57,31,47,84,34,97,63,0,0,0,0,74,38,0,13,47,34,0,74,9,37,71,46
2017-09-24,14,19,68,31,0,0,60,57,0,0,35,69,0,89,0,49,38,49,9,80,72,91,60,0,0,23,0,71,43,0,37,51,32,0,71,26,27,22,42
2017-10-01,44,28,83,0,0,0,40,56,0,0,41,53,0,84,62,29,39,4,18,83,99,90,54,0,0,24,0,74,52,21,76,47,50,32,70,18,36,27,50
2017-10-08,16,24,91,17,19,0,22,55,97,0,37,64,47,85,0,50,31,48,19,80,44,75,57,0,0,25,37,75,23,22,27,54,71,0,82,19,10,29,46
2017-10-15,14,20,91,78,17,0,0,51,0,0,38,37,0,83,30,49,38,44,18,78,40,94,58,31,0,0,0,70,50,41,37,51,65,31,78,9,45,40,30
2017-10-22,100,21,73,0,17,0,20,58,0,0,39,64,0,87,30,63,85,40,36,82,24,91,61,0,0,0,34,74,22,0,25,54,0,31,78,9,27,39,44
2017-10-29,0,21,79,17,0,0,21,55,0,0,34,68,0,83,0,45,50,37,29,79,43,89,60,0,0,99,0,73,46,22,27,46,17,0,76,47,28,42,40
2017-11-05,71,19,76,46,52,46,20,56,44,0,43,56,0,80,60,47,19,43,88,80,48,89,59,0,24,23,0,69,57,61,25,57,48,0,86,52,44,56,62
2017-11-12,29,21,92,16,18,0,0,56,0,0,49,61,0,80,0,63,39,50,18,80,58,88,65,32,0,48,0,73,37,21,13,63,0,0,76,36,100,45,46
2017-11-19,41,32,96,30,67,0,0,54,0,42,54,78,0,73,0,48,27,51,35,68,47,85,66,0,0,0,0,69,62,39,36,68,0,30,90,42,26,34,43
2017-11-26,57,20,86,46,0,0,20,56,0,86,56,70,43,74,0,64,28,47,18,72,24,83,65,0,0,0,0,71,50,0,37,62,16,0,78,43,35,64,23
2017-12-03,89,17,83,32,36,0,20,56,0,0,48,58,0,73,0,47,10,36,37,70,17,76,68,0,0,0,35,71,22,0,26,73,34,32,81,9,46,49,53
2017-12-10,29,19,75,16,18,0,0,57,0,0,55,63,0,72,0,41,68,36,46,66,17,66,73,0,25,0,35,73,44,0,0,60,50,0,81,54,46,22,41
2017-12-17,16,19,69,0,19,0,22,54,0,0,70,63,49,67,0,51,73,29,40,55,36,60,84,34,0,0,0,78,32,23,42,68,18,0,89,10,0,10,29
2017-12-24,35,16,70,39,22,58,24,54,0,0,42,76,0,64,0,47,47,11,33,47,20,51,82,0,0,29,0,83,9,51,31,48,0,0,86,33,33,27,43
2017-12-31,49,20,76,18,20,0,0,57,0,100,69,90,100,64,0,35,33,25,72,56,56,64,58,0,0,27,0,72,17,47,100,50,37,0,90,30,41,25,54
2018-01-07,15,26,82,80,0,0,0,52,0,0,87,76,45,69,0,43,57,22,46,63,41,71,56,0,0,0,0,69,52,84,64,57,17,63,83,27,9,22,48
2018-01-14,58,20,77,79,0,48,60,55,0,0,84,70,0,72,0,52,95,36,18,62,49,78,57,0,0,24,0,72,29,21,38,59,17,0,84,18,27,31,43
2018-01-21,29,21,73,0,17,0,20,55,0,0,79,71,0,70,0,70,47,18,54,71,32,79,57,31,0,23,0,71,43,41,37,45,0,0,81,17,26,48,37
2018-01-28,14,20,73,32,0,0,20,55,0,0,83,70,44,71,0,60,47,31,64,70,33,82,57,0,0,0,0,69,29,42,38,57,16,0,86,27,18,35,47
2018-02-04,0,21,65,16,0,0,20,52,46,0,74,43,0,66,31,53,29,27,9,71,100,78,57,0,0,24,0,69,22,0,26,48,34,0,77,9,37,27,31
2018-02-11,16,19,71,17,0,0,44,53,0,96,56,84,48,70,0,55,63,10,50,77,54,71,55,0,0,0,38,72,56,23,41,50,0,0,79,10,20,29,28
2018-02-18,28,18,68,15,0,0,19,49,0,0,57,69,0,73,29,35,37,26,26,93,23,83,52,0,0,23,0,66,35,20,12,58,16,0,71,25,52,47,16
2018-02-25,14,21,80,45,0,0,0,51,0,0,50,74,0,75,29,63,36,34,44,97,39,84,43,0,23,0,0,67,21,39,0,56,16,30,72,26,43,29,39
2018-03-04,27,21,68,29,33,0,37,50,0,0,47,83,0,97,28,41,53,21,42,88,8,88,54,0,0,0,0,63,34,19,0,61,0,0,74,16,50,53,53
2018-03-11,28,21,78,15,0,0,37,51,43,0,48,50,0,74,0,44,45,37,0,84,16,100,51,0,0,45,0,66,21,39,12,56,31,0,76,34,34,49,41
2018-03-18,14,19,71,0,0,45,19,55,0,41,43,53,0,74,29,47,54,29,51,82,38,92,51,29,23,44,0,65,27,77,23,57,77,30,73,17,50,46,51
2018-03-25,15,16,67,32,18,0,20,57,0,0,36,58,0,69,93,49,47,18,0,74,50,84,47,0,24,48,0,71,30,0,0,56,0,62,71,0,44,17,41
2018-04-01,42,18,68,30,0,0,19,50,44,0,44,67,0,72,0,59,18,38,26,87,55,94,50,30,47,0,0,64,42,0,12,51,0,0,73,9,17,59,41
2018-04-08,28,16,75,30,34,0,19,64,87,0,41,50,0,70,0,44,27,25,43,90,23,95,55,29,24,23,0,66,28,0,12,63,47,0,69,34,43,54,45
2018-04-15,41,15,67,15,17,45,56,56,0,0,35,54,0,73,29,27,36,50,43,85,15,94,47,29,23,44,32,65,34,20,24,52,0,0,69,0,34,41,31
2018-04-22,14,23,68,0,0,0,39,53,0,0,38,60,0,80,0,35,37,38,26,81,32,95,56,30,24,23,100,71,78,20,24,54,16,30,71,17,44,30,46
2018-04-29,29,22,69,16,18,48,20,53,0,0,36,43,0,85,0,31,19,31,28,78,33,82,60,0,0,24,0,72,30,0,13,57,83,0,69,9,9,18,53
2018-05-06,56,20,65,30,17,0,0,53,0,0,48,69,0,99,30,39,37,30,44,82,31,88,55,0,24,45,0,70,35,0,36,55,32,0,80,17,26,72,48
2018-05-13,14,16,70,30,34,46,39,56,44,0,41,45,42,79,0,53,37,26,52,80,8,99,55,0,24,0,0,69,42,20,36,51,16,0,72,42,62,25,34
2018-05-20,0,16,68,0,0,0,20,57,0,0,38,56,0,70,30,36,19,44,0,87,16,91,53,0,0,0,0,65,36,0,0,51,32,0,69,9,35,43,51
2018-05-27,14,19,57,0,0,0,0,59,0,44,37,50,0,72,0,61,38,13,18,69,8,77,50,0,25,47,0,69,22,63,13,50,16,0,58,18,27,17,35
2018-06-03,28,20,73,0,0,46,57,52,0,0,45,67,0,73,0,42,54,42,35,78,23,93,61,0,0,23,0,67,63,59,12,48,63,30,66,25,26,29,36
2018-06-10,40,16,67,43,32,0,0,55,41,0,37,79,0,86,0,33,43,48,66,75,30,84,66,56,0,21,0,71,33,0,11,55,60,0,69,16,41,20,30
2018-06-17,42,17,61,15,0,0,20,50,0,0,38,39,0,69,0,50,47,35,26,71,48,75,51,0,0,0,0,63,43,21,61,59,0,0,69,17,27,77,32
2018-06-24,42,15,71,15,34,0,38,52,0,86,37,75,43,67,0,45,28,30,18,65,40,82,54,0,0,0,34,64,36,100,0,59,16,31,68,9,26,43,39
2018-07-01,58,15,59,16,18,0,79,55,0,0,37,70,0,69,0,38,56,17,0,66,24,78,58,30,0,24,34,63,36,0,25,56,16,0,66,27,36,13,40
2018-07-08,14,14,68,31,17,0,0,50,0,0,43,71,0,70,0,46,56,26,54,66,32,81,57,31,0,0,34,65,50,41,25,60,16,31,70,35,27,13,51
2018-07-15,30,17,79,65,18,0,40,52,0,0,37,84,0,75,0,53,28,18,28,71,33,82,62,0,0,0,35,68,22,42,13,51,34,0,76,63,37,26,34
2018-07-22,0,21,72,46,0,0,19,56,0,0,42,89,43,71,30,45,75,48,53,68,32,75,56,31,0,23,33,66,35,61,12,49,32,0,76,17,0,39,50
2018-07-29,28,19,66,60,17,0,0,53,0,0,42,57,42,71,29,55,27,41,52,82,23,82,55,0,0,67,33,67,21,19,12,58,16,29,74,8,51,33,43
2018-08-05,0,16,63,15,0,89,0,50,0,0,46,67,0,75,28,36,35,33,34,78,15,86,56,0,0,22,32,66,27,0,0,57,61,0,74,66,16,48,31
2018-08-12,40,21,70,15,16,44,0,51,0,0,44,53,0,71,0,52,36,50,0,77,38,90,51,29,23,44,0,64,41,20,47,60,77,0,66,0,51,58,62
2018-08-19,13,20,60,59,49,0,19,51,0,0,44,55,0,77,85,54,44,37,25,80,46,94,58,58,23,88,32,64,34,0,23,50,15,29,68,8,34,29,42
2018-08-26,41,19,62,15,17,0,18,50,0,0,39,72,0,77,0,47,27,66,43,76,31,92,59,0,0,22,0,63,14,96,0,48,31,0,73,17,33,41,40
2018-09-02,14,17,66,15,17,0,0,54,0,43,36,61,43,76,30,45,74,39,44,81,56,87,56,0,24,46,0,61,50,20,37,58,0,31,75,35,35,21,41
2018-09-09,27,18,61,44,33,44,0,54,0,0,46,88,0,76,29,54,44,45,42,79,30,89,59,0,0,22,0,63,54,19,23,45,46,0,73,58,58,29,29
2018-09-16,96,18,55,15,33,0,0,68,0,0,42,83,0,81,0,46,9,41,52,86,8,95,53,29,47,0,0,63,55,0,48,52,47,0,68,25,51,49,54
2018-09-23,27,20,66,30,33,45,19,53,0,0,44,61,0,84,0,71,27,50,43,80,62,90,60,29,0,22,0,61,41,0,24,45,31,0,68,17,43,37,25
2018-09-30,0,16,57,15,16,0,0,51,0,0,42,74,0,76,0,43,36,21,25,71,45,82,64,29,0,0,0,58,47,0,12,41,30,30,65,49,26,42,24
2018-10-07,42,12,62,30,17,0,19,50,0,42,41,74,0,73,30,33,37,34,35,64,39,69,57,0,24,0,0,55,14,0,0,41,16,0,67,34,17,17,41
2018-10-14,14,18,62,61,34,0,0,49,0,43,41,55,43,73,0,47,28,21,35,73,24,87,58,30,0,69,0,58,57,0,24,52,16,0,72,17,17,25,30
2018-10-21,42,19,66,15,0,0,0,50,0,0,45,58,0,71,30,45,9,34,88,78,16,88,61,0,24,46,0,59,42,20,61,60,16,0,68,0,60,25,28
2018-10-28,44,15,55,0,36,0,61,48,0,0,39,53,0,74,62,41,58,22,18,68,17,82,63,31,0,0,0,61,44,64,0,50,33,0,66,9,46,53,29
2018-11-04,0,14,75,0,0,45,0,46,0,0,50,80,0,72,0,62,54,58,34,80,8,95,61,0,0,45,33,58,42,0,0,57,31,30,69,34,8,17,34
2018-11-11,0,16,71,0,18,0,21,48,0,0,40,59,0,78,0,34,29,41,9,79,51,82,65,0,0,24,71,60,61,0,26,65,34,0,73,18,19,27,34
2018-11-18,83,30,83,15,17,0,19,53,0,0,53,45,0,72,0,48,46,51,26,77,55,85,73,0,0,45,0,58,28,40,24,75,0,0,81,51,34,42,59
2018-11-25,28,30,71,31,0,47,39,50,0,0,53,68,0,73,60,53,28,17,27,78,80,89,66,30,24,0,0,59,100,20,49,58,64,0,78,43,18,35,39
2018-12-02,30,19,65,16,18,0,41,48,47,0,54,82,0,72,32,40,49,23,37,79,42,81,68,0,0,0,0,58,53,43,39,73,34,32,78,18,37,41,46
2018-12-09,0,22,59,33,19,0,21,47,48,0,66,53,0,65,0,49,0,14,0,68,26,71,78,33,26,100,0,58,39,0,13,61,17,34,80,38,29,19,50
2018-12-16,32,21,69,0,19,0,0,48,0,0,64,81,0,63,0,36,10,24,10,56,18,61,83,0,27,0,0,58,16,23,69,62,18,34,94,48,10,24,44
2018-12-23,18,15,65,20,0,0,0,50,0,0,52,85,0,65,0,32,36,17,35,48,31,53,95,0,0,0,0,65,9,26,32,66,0,40,91,0,34,0,45
2018-12-30,86,21,62,19,21,0,0,45,54,0,65,44,0,61,0,27,11,5,21,55,10,58,77,0,0,28,0,58,34,0,15,51,0,0,80,21,0,5,28
2019-01-06,0,17,69,16,0,0,41,47,0,0,94,61,0,61,0,63,30,18,37,66,76,70,58,0,0,24,35,55,37,21,39,53,0,0,76,46,9,32,39
2019-01-13,15,18,58,16,0,0,20,46,0,0,100,73,0,64,31,47,58,9,28,70,41,70,59,0,0,24,0,55,22,21,25,52,33,0,75,36,18,31,36
2019-01-20,14,16,65,16,35,0,0,46,0,0,96,76,44,65,30,45,28,13,36,73,48,76,58,0,0,23,0,58,36,0,0,48,32,0,74,18,17,34,56
2019-01-27,14,23,69,0,0,47,0,44,0,0,94,57,0,59,0,55,19,18,18,72,32,76,51,0,25,23,0,54,22,41,62,55,0,0,76,18,63,39,33
2019-02-03,43,23,59,16,0,0,0,49,0,44,87,56,44,63,30,42,38,39,36,89,32,77,56,31,0,0,0,53,50,21,50,44,16,62,74,44,18,48,33
2019-02-10,14,18,57,45,50,0,0,49,43,0,64,87,42,62,29,55,36,17,17,89,39,82,59,0,0,0,0,54,7,20,48,39,0,0,71,34,34,29,36
2019-02-17,0,17,71,0,0,92,19,62,0,43,62,96,0,68,0,48,46,30,18,93,47,85,60,0,0,23,33,54,21,40,0,61,16,0,71,17,35,43,39
2019-02-24,29,17,80,16,0,94,19,50,0,0,50,61,0,67,0,42,19,22,0,85,0,84,63,0,0,23,0,58,22,0,37,63,0,0,75,18,35,44,49
2019-03-03,63,17,69,0,0,0,0,50,0,0,46,82,0,86,0,19,42,24,10,79,18,74,63,0,0,0,38,59,16,23,14,68,0,0,75,39,49,10,28
2019-03-10,42,18,65,15,51,0,19,56,0,0,47,63,0,66,0,50,19,43,0,86,32,87,53,0,0,23,33,53,42,40,0,61,48,0,70,26,26,34,30
2019-03-17,42,15,72,61,17,0,0,48,0,42,52,74,0,69,29,57,54,42,17,90,63,89,63,29,24,23,33,55,56,0,24,61,79,0,69,51,34,38,48
2019-03-24,55,16,63,30,0,46,77,47,0,0,47,55,0,65,0,33,28,34,26,92,39,93,55,0,0,0,33,55,56,40,36,55,16,0,69,51,26,30,47
2019-03-31,14,14,76,0,35,48,0,50,45,44,50,62,44,67,31,46,47,57,36,89,73,98,60,62,0,0,0,56,51,0,25,57,49,31,71,44,27,53,45
2019-04-07,28,16,60,31,17,0,19,50,0,0,47,75,43,67,30,35,9,22,35,85,32,90,50,0,0,69,33,54,42,60,12,57,16,0,74,26,70,52,53
2019-04-14,31,19,65,17,57,0,0,50,0,0,42,72,0,63,33,37,21,33,19,79,0,85,59,0,0,25,0,57,31,0,13,62,35,0,66,47,39,28,30
2019-04-21,28,20,74,46,0,0,58,46,0,43,41,63,43,67,0,36,28,39,27,83,32,93,57,0,0,23,0,53,36,0,62,65,16,0,62,0,26,65,30
2019-04-28,14,20,72,0,0,0,20,47,0,0,39,81,0,75,0,53,38,57,18,82,40,85,57,31,25,47,0,57,7,41,12,44,49,0,68,0,45,31,33
2019-05-05,14,16,76,0,0,0,0,47,44,0,50,84,0,88,0,43,28,51,18,78,48,92,55,30,0,23,0,55,35,0,12,61,48,0,64,34,26,25,28
2019-05-12,56,18,63,15,0,0,0,46,0,0,43,36,0,80,0,41,28,43,26,77,39,92,56,30,24,46,0,54,49,80,37,59,32,0,69,34,52,34,18
2019-05-19,14,13,72,45,0,0,19,46,0,0,40,90,0,69,0,48,54,21,0,80,47,91,59,0,0,0,0,56,35,0,24,50,47,0,70,51,43,29,32
2019-05-26,0,18,67,29,16,0,55,48,42,0,37,59,0,63,0,47,18,24,42,79,30,91,56,0,0,22,0,56,80,38,46,54,30,0,70,32,33,49,37
2019-06-02,27,11,68,29,0,0,18,49,0,0,42,76,0,63,0,36,35,57,34,78,60,89,58,0,0,44,0,55,81,0,23,48,0,0,70,41,8,44,35
2019-06-09,0,17,64,0,16,0,19,55,0,0,46,64,0,85,85,44,27,29,25,74,15,85,66,29,0,0,32,56,47,0,23,60,46,29,71,16,68,53,48
2019-06-16,44,12,68,32,0,0,0,48,0,44,38,63,44,65,31,31,19,27,9,71,16,79,60,31,0,0,0,57,66,0,38,60,0,0,72,36,18,18,26
2019-06-23,0,16,71,15,34,46,57,49,43,0,40,64,0,66,0,39,90,34,9,70,39,87,60,29,0,0,0,58,35,20,36,55,16,30,77,25,34,29,47
2019-06-30,56,20,68,77,34,0,19,63,0,0,41,48,0,64,30,41,65,26,44,74,24,76,65,0,0,0,0,57,21,40,37,62,16,61,72,35,17,34,30
2019-07-07,0,19,74,47,18,0,20,54,0,0,40,77,0,63,0,50,38,22,18,65,33,71,56,0,0,0,34,56,44,21,13,52,16,0,74,27,9,53,49
2019-07-14,43,16,67,16,0,0,0,47,0,0,42,81,0,64,0,38,28,22,54,67,40,75,54,0,0,0,34,54,22,21,25,64,16,0,70,35,18,17,23
2019-07-21,28,19,70,15,0,0,20,47,0,0,43,75,43,67,0,41,9,13,44,67,56,75,60,0,0,23,0,54,0,41,0,61,0,31,71,61,62,13,39
2019-07-28,28,16,70,31,34,0,19,48,0,0,47,73,0,66,30,41,27,17,27,73,8,84,53,0,23,46,0,53,43,39,12,55,48,0,68,61,43,42,46
2019-08-04,14,18,71,15,17,0,0,48,0,0,47,55,0,64,0,40,18,21,0,70,31,81,54,0,0,23,0,55,35,0,0,70,31,0,77,8,60,33,36
2019-08-11,81,20,70,44,0,0,0,48,42,0,48,69,0,69,0,54,27,41,17,80,46,92,61,0,0,22,0,57,20,38,35,58,31,0,76,17,50,29,64
2019-08-18,39,14,61,0,16,43,0,55,0,0,46,47,0,69,28,47,61,32,25,80,44,90,56,0,22,21,0,53,46,38,23,61,30,58,65,24,41,24,36
2019-08-25,26,14,70,29,32,0,36,52,0,40,45,70,0,67,28,58,9,16,8,81,37,96,54,29,0,21,0,54,46,38,46,47,15,0,74,64,16,49,45
2019-09-01,65,19,65,57,0,0,54,51,0,0,43,76,0,70,28,43,34,40,16,78,22,90,58,28,0,21,0,52,33,37,34,63,15,0,69,16,24,44,38
2019-09-08,39,14,65,0,32,43,18,53,0,0,44,67,0,69,0,43,51,36,24,82,29,95,59,28,0,0,0,52,65,19,45,62,0,28,74,0,32,43,42
2019-09-15,0,14,73,14,16,0,18,49,0,0,45,71,0,76,28,48,17,44,16,83,44,94,56,0,0,21,0,55,59,19,34,59,15,28,80,24,57,36,34
2019-09-22,0,16,74,0,0,0,35,49,0,0,41,66,0,78,0,41,43,80,24,78,65,91,60,0,0,21,0,54,39,37,11,57,0,0,70,8,24,20,44
2019-09-29,13,17,66,28,16,0,0,48,0,0,45,70,0,69,0,31,52,40,25,77,37,90,66,0,0,21,0,53,72,37,45,52,30,0,69,8,24,28,45
2019-10-06,26,13,60,42,47,0,18,47,0,39,47,57,0,64,0,41,17,24,48,73,22,81,51,28,22,0,30,52,52,0,67,67,29,0,71,16,56,47,33
2019-10-13,13,20,65,28,0,0,34,52,0,0,43,78,0,64,27,28,17,31,8,70,57,80,65,27,0,0,0,50,51,0,22,61,14,28,71,23,16,31,56
2019-10-20,0,20,67,27,0,41,34,46,0,0,47,51,0,66,26,48,24,45,23,76,28,89,62,0,0,40,30,53,44,0,11,67,42,0,69,23,46,60,18
2019-10-27,0,16,65,54,0,0,0,48,0,38,46,80,38,65,26,49,41,38,8,80,35,87,60,27,0,20,0,61,37,18,11,45,14,0,68,30,46,27,34
2019-11-03,12,20,66,27,15,41,17,46,0,0,42,64,0,62,26,43,8,30,8,77,21,84,64,0,0,20,0,51,44,35,43,55,14,0,69,38,31,30,38
2019-11-10,40,17,81,29,0,0,0,47,0,0,47,81,0,65,28,31,8,43,8,77,37,87,66,0,0,21,31,54,40,19,23,58,0,56,67,32,57,55,58
2019-11-17,0,19,70,27,0,0,17,43,0,0,54,68,38,61,0,40,57,42,8,79,21,84,61,0,0,0,0,50,31,0,22,62,14,0,69,61,46,60,57
2019-11-24,36,24,76,13,0,0,0,46,0,0,46,69,0,59,0,50,32,22,30,68,27,77,70,0,0,20,0,47,30,18,11,60,14,26,75,30,23,40,38
2019-12-01,38,16,70,41,0,0,0,46,0,0,54,56,0,59,0,42,41,35,24,75,7,73,60,27,0,0,0,48,38,0,44,68,29,0,72,23,16,34,45
2019-12-08,13,13,71,15,16,44,18,45,42,0,60,66,0,57,0,43,26,29,17,70,45,68,66,0,0,44,0,49,34,0,46,67,30,0,76,25,17,24,24
2019-12-15,40,12,63,29,0,0,0,44,0,0,59,76,0,58,0,37,18,16,8,59,38,60,72,0,0,0,32,52,34,0,0,75,0,29,76,16,50,33,33
2019-12-22,0,14,68,18,0,0,0,47,0,0,51,83,0,52,0,54,32,25,0,56,18,50,95,0,0,26,0,60,41,0,28,74,18,0,79,20,10,20,26
2019-12-29,46,13,60,17,0,0,42,46,0,0,57,61,0,52,0,39,10,28,10,64,26,63,79,0,26,25,0,58,8,43,0,55,52,0,74,66,9,19,35
2020-01-05,13,23,60,14,0,0,18,44,0,0,89,81,40,57,0,45,68,28,25,67,0,72,57,0,0,0,0,48,40,0,11,49,15,0,75,40,41,24,58
2020-01-12,49,14,60,54,15,0,34,44,0,0,93,59,0,57,26,33,72,15,8,74,35,76,65,26,0,20,29,49,25,53,32,58,14,26,79,30,46,55,34
2020-01-19,38,21,65,14,15,41,35,49,0,0,100,69,0,57,27,52,17,8,31,74,35,80,53,0,0,20,0,49,25,18,44,66,43,0,71,54,63,23,61
2020-01-26,25,14,59,13,0,0,17,47,0,0,92,64,0,58,26,30,49,30,0,71,28,78,55,0,21,0,0,47,12,18,22,54,28,0,73,38,31,23,24
2020-02-02,24,18,70,13,15,0,17,43,0,0,84,61,0,54,0,24,56,34,15,78,21,78,58,26,0,0,0,48,18,18,21,56,83,0,67,15,46,30,32
2020-02-09,12,15,72,13,15,0,33,47,0,0,62,69,0,55,26,37,16,37,15,90,34,79,57,0,0,79,0,48,31,17,42,53,14,0,76,22,37,29,34
2020-02-16,24,14,65,13,14,0,33,47,0,0,54,61,0,57,0,52,31,43,7,89,40,82,65,0,0,0,0,49,42,51,31,53,0,26,65,44,22,29,33
2020-02-23,25,15,63,14,15,0,0,46,39,0,45,64,0,56,0,26,41,38,39,85,7,76,54,0,0,20,30,51,44,18,11,55,0,0,62,53,47,15,55
2020-03-01,11,12,74,12,0,0,31,49,36,0,50,57,0,65,0,47,0,38,21,87,13,83,47,0,0,19,0,46,29,32,40,53,13,0,62,14,42,31,35
2020-03-08,34,13,62,49,14,0,16,53,0,0,47,48,0,64,0,33,60,28,21,86,38,90,57,0,19,37,0,46,40,49,20,57,26,0,67,35,49,28,42
2020-03-15,0,12,60,0,0,37,0,60,0,0,38,56,0,47,24,42,45,28,0,58,51,93,50,0,0,18,27,44,34,16,10,92,26,0,50,41,35,34,24
2020-03-22,11,10,46,24,0,0,0,79,0,0,32,60,0,45,0,37,37,58,14,52,13,96,58,0,19,0,0,53,62,16,29,63,0,24,43,0,7,17,27
2020-03-29,0,9,56,12,13,0,15,73,0,0,41,64,0,54,0,39,7,39,33,61,42,95,57,0,18,34,0,49,32,30,37,65,0,23,55,32,46,26,17
2020-04-05,64,12,56,12,0,0,0,62,0,0,43,53,0,56,23,28,7,88,27,61,36,75,56,0,0,35,0,50,27,0,9,84,24,0,50,13,39,16,40
2020-04-12,11,11,55,11,0,0,15,56,66,0,48,72,0,52,0,55,14,29,40,57,18,85,62,0,0,86,0,47,37,30,0,86,0,0,58,26,39,23,36
2020-04-19,32,15,63,12,13,0,58,63,0,0,43,59,0,59,0,50,35,69,20,54,12,84,62,0,18,0,25,49,22,15,37,83,0,0,53,39,59,26,33
2020-04-26,11,14,61,23,39,35,0,64,0,0,42,68,0,64,0,53,21,45,33,60,30,87,70,23,0,0,0,49,97,15,19,87,12,0,59,46,27,3,45
2020-05-03,21,19,71,34,38,0,29,65,0,0,55,73,32,90,22,47,28,67,39,67,41,85,66,0,0,17,25,47,47,45,18,98,24,0,57,44,26,25,47
2020-05-10,21,17,74,68,25,0,14,65,33,0,52,59,32,79,22,47,27,77,7,65,35,89,69,22,18,17,25,48,68,15,9,99,36,0,63,51,19,22,48
2020-05-17,20,23,72,67,12,0,14,60,32,0,53,83,0,63,0,63,60,100,45,69,52,95,59,0,0,0,0,44,52,15,9,88,0,0,67,69,45,25,57
2020-05-24,21,16,71,12,0,0,0,68,0,0,52,84,0,64,22,59,42,79,27,74,36,90,63,0,0,34,25,45,27,15,18,100,12,0,70,71,59,36,54
2020-05-31,31,22,76,11,0,0,14,60,32,31,51,83,0,66,0,35,46,56,38,72,58,94,68,43,0,33,0,45,57,58,0,96,35,0,69,44,57,46,60
2020-06-07,21,14,79,0,13,0,29,62,0,0,58,67,0,92,0,40,35,81,39,70,41,87,67,0,0,34,0,49,32,15,9,90,12,23,73,19,26,35,46
2020-06-14,42,19,70,23,0,35,0,64,33,0,49,85,32,83,0,70,55,64,40,77,47,97,67,0,0,34,0,45,42,30,55,72,48,46,68,45,33,35,100
2020-06-21,54,16,69,23,26,0,15,59,0,0,48,67,0,67,0,39,42,56,40,75,36,96,62,0,0,18,0,46,43,31,28,72,12,0,72,53,33,39,70
2020-06-28,11,20,63,47,13,0,0,56,0,0,53,84,0,66,23,43,57,79,34,73,31,91,58,0,0,18,0,43,22,0,9,75,50,47,71,60,34,30,85
2020-07-05,11,23,65,12,13,36,0,55,35,0,51,74,0,67,0,44,37,55,55,76,31,91,65,24,0,0,0,43,39,0,19,75,0,0,79,68,34,24,65
2020-07-12,0,14,76,37,14,37,0,54,0,0,52,64,0,66,0,41,60,70,57,73,32,94,66,0,0,37,0,43,57,16,20,82,13,25,67,69,14,7,89
2020-07-19,23,16,61,50,0,38,32,55,0,0,48,96,35,69,0,42,75,66,43,70,39,93,67,0,0,56,0,44,52,16,20,76,0,0,74,77,64,38,62
2020-07-26,34,18,70,50,28,0,16,52,0,0,49,74,0,66,24,41,29,44,36,73,19,89,59,24,0,0,0,44,40,16,30,69,39,0,70,42,28,17,32
2020-08-02,11,12,60,50,14,38,0,57,0,35,52,69,35,69,48,42,67,55,29,71,51,86,61,0,0,37,0,43,57,32,20,74,13,0,73,21,28,48,62
2020-08-09,11,14,54,36,0,36,15,50,0,33,49,65,33,66,0,78,22,58,20,73,55,89,62,0,19,0,0,42,60,0,28,63,25,48,66,53,28,30,55
2020-08-16,22,14,56,23,13,0,30,51,0,0,44,68,0,69,23,51,57,53,34,74,18,84,59,0,0,18,0,42,54,31,28,64,12,0,64,73,47,36,46
2020-08-23,11,14,55,48,0,36,15,53,0,0,46,84,0,65,0,54,44,58,35,74,19,90,67,0,0,18,0,42,33,32,19,60,25,0,70,20,48,40,74
2020-08-30,33,13,55,36,53,36,0,52,0,0,41,79,0,66,0,43,42,95,41,74,49,90,62,0,0,0,26,41,49,16,28,63,25,23,66,67,27,42,34
2020-09-06,34,10,55,12,0,0,31,48,0,0,40,91,0,71,24,50,30,52,21,73,13,93,69,0,0,37,0,43,40,33,10,66,0,0,67,42,21,17,59
2020-09-13,22,16,60,36,0,0,0,46,0,0,43,86,0,68,23,38,43,60,20,72,49,92,72,23,0,53,0,42,38,47,9,61,12,0,69,53,20,30,44
2020-09-20,11,13,58,24,0,36,0,47,0,0,43,92,0,76,0,45,22,58,21,70,62,96,70,0,0,36,0,41,28,31,10,61,25,24,69,47,55,34,30
2020-09-27,11,13,49,12,0,0,15,48,70,0,41,83,34,65,0,40,7,58,28,73,44,92,69,0,19,37,0,40,73,0,59,60,13,0,70,34,21,31,40
2020-10-04,0,13,51,0,28,0,0,44,0,0,44,78,0,65,0,35,30,49,14,76,45,87,69,0,0,37,0,41,63,49,30,64,39,25,70,7,14,28,41
2020-10-11,12,12,61,0,0,0,17,49,0,0,42,64,0,66,0,25,24,41,0,74,21,80,63,0,0,41,30,43,31,0,0,66,14,0,71,30,15,37,30
2020-10-18,0,11,50,0,14,0,16,49,37,0,41,57,0,65,0,33,54,51,22,75,20,85,64,0,20,19,0,42,47,34,20,47,27,0,72,29,15,32,38
2020-10-25,12,12,51,13,14,38,32,46,0,0,41,65,0,66,24,43,45,60,51,73,32,88,66,0,0,19,0,41,17,0,40,60,66,25,75,14,22,28,57
2020-11-01,24,11,44,0,15,39,0,43,0,0,37,63,0,59,0,28,47,44,22,67,27,80,58,0,0,39,28,39,36,34,10,48,14,0,71,36,22,22,41
2020-11-08,11,13,57,63,14,38,0,45,0,0,39,89,0,59,49,37,31,50,29,67,26,80,71,0,0,56,27,38,46,17,50,65,0,0,74,56,7,71,39
2020-11-15,44,15,51,12,0,0,0,41,0,0,38,64,0,60,0,42,36,91,0,100,25,81,69,0,0,89,0,35,39,0,0,65,12,24,70,33,14,47,27
2020-11-22,11,17,55,25,0,0,16,42,0,0,42,71,0,58,24,50,52,90,21,75,26,86,72,0,0,37,0,40,63,32,40,61,52,0,80,42,49,62,37
2020-11-29,11,14,56,0,14,0,0,44,0,0,42,78,0,60,0,50,37,75,7,78,32,88,68,0,0,74,0,39,69,0,20,66,26,0,77,35,57,34,46
2020-12-06,12,16,56,38,0,0,0,47,36,35,50,90,0,59,25,45,39,87,15,71,13,83,75,0,0,19,28,39,76,0,20,73,0,0,77,71,22,36,63
2020-12-13,60,11,55,13,0,39,0,46,75,0,49,84,0,57,25,48,0,54,30,64,40,74,80,0,0,39,0,41,48,0,42,75,41,26,85,51,15,50,43
2020-12-20,0,7,57,15,0,0,19,46,44,0,50,89,0,53,0,37,9,43,17,53,24,56,95,0,0,23,0,49,35,0,24,75,16,0,79,51,0,13,25
2020-12-27,0,12,40,0,17,0,0,45,0,0,42,84,0,53,0,28,18,34,9,52,31,59,100,0,0,23,0,46,28,20,0,65,32,0,76,34,35,17,37
2021-01-03,0,11,48,13,0,40,0,46,0,37,63,85,0,56,25,32,40,29,30,55,7,75,66,26,0,0,0,38,6,17,10,47,14,0,74,15,7,33,35
2021-01-10,12,13,49,13,0,0,0,61,37,0,62,94,36,54,0,35,31,18,30,58,47,78,54,0,41,19,0,37,24,0,21,52,0,0,75,66,37,25,41
2021-01-17,35,15,53,13,14,0,33,48,37,0,63,77,36,52,0,45,31,18,22,52,40,70,56,0,0,0,0,37,18,0,20,59,27,0,70,50,15,22,35
2021-01-24,35,11,52,26,0,39,0,46,37,36,65,55,36,54,0,41,0,22,15,58,33,76,64,0,20,19,28,39,36,0,31,65,0,0,72,29,59,61,38
2021-01-31,24,14,47,0,0,0,16,44,0,36,67,68,0,54,0,30,32,29,15,59,61,74,60,0,0,0,57,38,54,17,31,51,0,0,71,22,7,18,35
2021-02-07,0,9,56,44,0,44,0,49,0,0,61,62,0,52,28,35,9,33,25,63,8,72,54,0,0,0,0,36,7,0,58,51,15,0,66,33,0,25,35
